<?xml version="1.0" encoding="UTF-8"?>
<!DOCTYPE hibernate-configuration PUBLIC
	"-//Hibernate/Hibernate Configuration DTD 3.0//EN"
	"http://www.hibernate.org/dtd/hibernate-configuration-3.0.dtd">
<hibernate-configuration>
    <session-factory>
        <!-- Hibernate Properties -->
        <property name="hibernate.dialect">org.hibernate.dialect.MySQLDialect</property>
        <property name="hibernate.connection.driver_class">com.mysql.cj.jdbc.Driver</property>
        <property name="hibernate.connection.url">jdbc:mysql://localhost:3306/labproject?useSSL=false</property>
        <property name="hibernate.connection.username">root</property>
        <property name="hibernate.connection.password">Sapna@2024</property>
        <property name="hibernate.hbm2ddl.auto">update</property>
        <property name="hibernate.current_session_context_class">thread</property>
        <property name="hibernate.show_sql">true</property>
        <property name="hibernate.format_sql">true</property>

        <!-- Entity Mappings -->
        <mapping class="hibernatepro.libraryproject.entity.Librarian"/>
        <mapping class="hibernatepro.libraryproject.entity.Book"/>
        <mapping class="hibernatepro.libraryproject.entity.Members"/>
        <mapping class="hibernatepro.libraryproject.entity.MemberReport"/>
        <mapping class="hibernatepro.libraryproject.entity.Category"/>
        <mapping class="hibernatepro.libraryproject.entity.Authsystem"/>
    </session-factory>
</hibernate-configuration>
